id,name,meal_type,base_servings,steps,tags
1,Jajecznica z pomidorami i szczypiorkiem,sniadanie,1,Pokroj pomidor w kostke||Rozgrzej patelnie i roztop maslo||Wbij jajka i mieszaj na srednim ogniu 2 min||Dodaj pomidor i smaz jeszcze 1 min||Dopraw sola i pieprzem||Posyp szczypiorkiem i podaj,szybkie|wytrawne
2,Omlet owsiany z jablkiem i cynamonem,sniadanie,1,Zetrzyj jablko na tarce||W misce wymieszaj jajka platki owsiane mleko i cynamon||Dodaj jablko i szczyptę soli||Rozgrzej patelnie z odrobina oleju||Wlej mase i smaz 2 min z kazdej strony||Podaj z miodem,fit|na_slodko
3,Owsianka nocna z jogurtem i malinami,sniadanie,1,Wsyp platki owsiane do sloika||Dodaj jogurt mleko i nasiona chia||Wymieszaj dokladnie||Wstaw do lodowki na noc||Rano dodaj maliny||Polej miodem i zjedz,bez_pieczenia|na_slodko
4,Kanapki z pasta z awokado i jajkiem,sniadanie,1,Ugotuj jajka na twardo 8 min||Rozgniec awokado widelcem||Dodaj sok z cytryny sol i pieprz||Posmaruj chleb pasta z awokado||Pokroj jajka i uloz na kanapkach||Posyp szczypiorkiem,szybkie|wytrawne
5,Twarozek z rzodkiewka i szczypiorkiem,sniadanie,1,Pokroj rzodkiewki w plasterki||W misce rozgniec twarog||Dodaj jogurt grecki i wymieszaj||Dodaj rzodkiewki szczypiorek sol i pieprz||Podawaj z chlebem||Zjedz od razu,wysokobialkowe|szybkie
6,Placki bananowe,sniadanie,2,Rozgniec banany w misce||Dodaj jajka maka proszek do pieczenia i cynamon||Wymieszaj na gladka mase||Rozgrzej patelnie z olejem||Nakladaj male porcje i smaz 2 min z kazdej strony||Podaj z miodem,na_slodko|dla_dzieci
7,Tosty francuskie z cynamonem,sniadanie,2,W misce roztrzep jajka z mlekiem||Dodaj cynamon i wanilie||Zanurz kromki chleba tostowego w masie||Rozgrzej patelnie i roztop maslo||Smaz tosty po 2 min z kazdej strony||Podaj z miodem,na_slodko
8,Shakshuka sniadaniowa,sniadanie,2,Pokroj cebule i papryke w kostke||Podsmaz cebule na oleju 3 min||Dodaj czosnek i smaz 30 s||Dodaj papryke i smaz 4 min||Wlej passate i dopraw papryka slodka kminem sola i pieprzem||Dus 8 min az sos zgestnieje||Zrob 4 zaglebienia i wbij jajka||Przykryj i gotuj 5 min do sciecia bialek,wytrawne|na_cieplo
9,Wrap sniadaniowy z szynka i serem,sniadanie,2,Rozgrzej patelnie z odrobina oleju||Wbij jajka i zrob szybka jajecznice||Podgrzej tortille na suchej patelni||Na kazdej tortilli uloz szpinak szynke ser i jajecznice||Zwin ciasno w wrap||Podsmaz wrapy 1 min z kazdej strony||Podaj na cieplo,na_cieplo|sycace
10,Pudding chia z mango,sniadanie,1,Wymieszaj nasiona chia z mlekiem||Odstaw na 10 min i ponownie wymieszaj||Dodaj jogurt i miod||Przeloz do miseczki i wstaw do lodowki na 2 h||Pokroj mango w kostke||Uloz mango na wierzchu||Posyp kakao i podaj,bez_pieczenia|na_slodko
11,Jaglanka z mango i chia,sniadanie,1,Przeplucz kasze jaglana na sicie||Wlej mleko i wode do garnka i dodaj kasze||Gotuj 15 min na malym ogniu i mieszaj||Dodaj miod i wymieszaj||Przeloz do miski||Dodaj mango w kostce||Posyp chia i cynamon,na_slodko|fit
12,Kanapki z lososiem i serkiem,sniadanie,2,Posmaruj chleb serkiem kanapkowym||Uloz plasterki lososia na kanapkach||Skrop sokiem z cytryny||Posyp koperkiem||Dopraw pieprzem||Podaj od razu,szybkie|wytrawne
13,Salatka sniadaniowa z feta i rukola,sniadanie,2,Pokroj pomidora i ogorka w kostke||Przeloz do miski i dodaj rukole||Pokrusz fete na wierzch||Wymieszaj olej z sokiem z cytryny||Dopraw sola i pieprzem||Polej sosem i wymieszaj,fit|wytrawne
14,Owsianka pieczona z jablkiem i rodzynkami,sniadanie,2,Nagrzej piekarnik do 180C||Wymieszaj platki owsiane z mlekiem i jajkami||Dodaj proszek do pieczenia cynamon miod i rodzynki||Zetrzyj jablko i dodaj do masy||Przeloz do naczynia i poloz maslo na wierzchu||Piecz 25 min||Podawaj na cieplo,na_slodko|sycace
15,Kasza manna z kakao i bananem,sniadanie,1,Zagotuj mleko w garnku||Wsyp kasze manne i mieszaj 3 min||Dodaj kakao i wanilie||Przeloz do miski||Dodaj banana w plasterkach||Polej miodem i podaj,na_slodko|szybkie
16,Smoothie bowl truskawkowo bananowy,sniadanie,1,Zblenduj truskawki banana i jogurt na gladko||Przeloz do miski||Posyp nasionami chia||Udekoruj truskawkami||Polej miodem||Zjedz od razu,bez_pieczenia|na_slodko
17,Tofu scramble ze szpinakiem i pomidorem,sniadanie,2,Pokrusz tofu widelcem w misce||Podsmaz cebule na oleju 3 min||Dodaj czosnek i kurkume||Dodaj tofu i smaz 5 min||Dodaj szpinak i pomidora||Dopraw sola i pieprzem||Smaz jeszcze 2 min i podaj,wytrawne|wysokobialkowe
18,Placuszki twarogowe z borowkami,sniadanie,2,Wymieszaj twarog z jajkami||Dodaj make proszek do pieczenia i wanilie||Rozgrzej patelnie z olejem||Smaz male placuszki 2 min z kazdej strony||Podaj z borowkami||Polej miodem,na_slodko|wysokobialkowe
19,Tosty z maslem orzechowym i bananem,sniadanie,1,Opiecz chleb tostowy w tosterze||Posmaruj maslem orzechowym||Uloz banana w plasterkach||Posyp cynamonem||Polej miodem||Podaj od razu,szybkie|na_slodko
20,Jajka w koszulce na szpinaku,sniadanie,1,Podgrzej maslo na patelni||Dodaj szpinak i dus 2 min||Zagotuj wode w garnku i dodaj ocet||Wbij jajka do wody i gotuj 3 min||Wyjmij jajka lyzka cedzakowa||Uloz szpinak i jajka na chlebie||Dopraw sola pieprzem i skrop sokiem z cytryny,wytrawne|na_cieplo
21,Skyr z granola i borowkami,sniadanie,1,Wsyp skyr do miski||Dodaj granole||Dodaj borowki||Skrop miodem||Posyp chia i podaj,szybkie|na_slodko
22,Jajka sadzone z pieczarkami i szpinakiem,sniadanie,1,Pokroj pieczarki w plastry||Rozgrzej maslo na patelni||Podsmaz cebule 2 min||Dodaj pieczarki i smaz 5 min||Dodaj szpinak i dopraw||Usun warzywa na bok i wbij jajka||Smaz do sciecia bialek||Posyp natka pietruszki i podaj,wytrawne|na_cieplo
23,Pasta jajeczna z awokado na chlebie,sniadanie,1,Ugotuj jajka na twardo 8 min||Obierz i posiekaj jajka||Rozgniec awokado||Dodaj jogurt sok z cytryny sol i pieprz||Wymieszaj z jajkami||Posmaruj chleb pasta||Posyp szczypiorkiem i podaj,szybkie|wytrawne
24,Nalesniki owsiane z truskawkami,sniadanie,2,Zmiel platki na make w blenderze||Wymieszaj z jajkami i mlekiem||Odstaw 5 min aby zgestnialo||Rozgrzej patelnie z olejem||Smaz cienkie nalesniki po 2 min z kazdej strony||Podaj z jogurtem i truskawkami||Polej miodem,na_slodko
25,Bowl z kefirem i mango,sniadanie,1,Wymieszaj chia z kefirem||Odstaw 10 min i wymieszaj ponownie||Przeloz do miski||Dodaj mango w kostce||Polej miodem||Posyp cynamonem i podaj,bez_pieczenia|na_slodko
26,Kanapki z hummusem i ogorkiem,sniadanie,2,Posmaruj chleb hummusem||Pokroj ogorka w plastry||Uloz ogorka i rukole na kanapkach||Skrop sokiem z cytryny||Dopraw sola i pieprzem||Podaj od razu,szybkie|fit
27,Zapiekane jajka z feta i pomidorem,sniadanie,1,Nagrzej piekarnik do 190C||Podsmaz cebule na oleju 3 min||Dodaj szpinak i pomidora i dus 3 min||Przeloz do naczynka||Pokrusz fete||Wbij jajka||Piecz 10 min do sciecia bialek||Dopraw sola pieprzem i papryka slodka,wytrawne|na_cieplo
28,Kasza gryczana na slodko z jablkiem,sniadanie,2,Przeplucz kasze gryczana na sicie||Wlej mleko i wode do garnka||Dodaj kasze i gotuj 15 min||Zetrzyj jablko i dodaj do garnka||Dodaj cynamon rodzynki i miod||Gotuj 2 min i podaj,na_slodko|sycace
29,Tosty z pesto i mozzarella,sniadanie,1,Opiecz chleb tostowy w tosterze||Posmaruj pesto||Uloz pomidora w plastrach||Dodaj mozzarella||Zapiecz 3 min w piekarniku||Dopraw sola i pieprzem i podaj,wytrawne|szybkie
30,Omlet z szynka serem i papryka,sniadanie,2,Pokroj papryke i cebule w kostke||Podsmaz warzywa na oleju 4 min||Dodaj szynke i smaz 1 min||Roztrzep jajka z sola i pieprzem||Wlej jajka na patelnie||Posyp serem||Smaz 3 min a potem przykryj 2 min||Zloz omlet i podaj,wytrawne|sycace
31,Kanapki z pasta jajeczna i ogorkiem kiszonym,sniadanie,1,Ugotuj jajka na twardo 8 min||Obierz i posiekaj jajka||Pokroj ogorka kiszonego w drobna kostke||Wymieszaj jajka z jogurtem szczypiorkiem sola i pieprzem||Posmaruj chleb pasta||Podaj od razu,szybkie|wytrawne
32,Ryz na mleku z truskawkami i cynamonem,sniadanie,2,Przeplucz ryz na sicie||Wlej mleko i wode do garnka||Dodaj ryz i szczyptę soli||Gotuj 20 min na malym ogniu i mieszaj||Dodaj wanilie i miod||Podaj z truskawkami i cynamonem,na_slodko|dla_dzieci
33,Jajecznica z pieczarkami i feta,sniadanie,1,Pokroj pieczarki w plastry||Rozgrzej maslo i podsmaz cebule 2 min||Dodaj pieczarki i smaz 5 min||Wbij jajka i mieszaj 2 min||Dodaj pokruszona fete||Dopraw sola i pieprzem||Posyp natka pietruszki,wytrawne|na_cieplo
34,Placuszki owsiane ze skyrem i malinami,sniadanie,2,Wymieszaj platki owsiane z jajkami skyrem i proszkiem do pieczenia||Odstaw 5 min||Rozgrzej patelnie z olejem||Smaz placuszki 2 min z kazdej strony||Podaj z malinami||Polej miodem,na_slodko|fit
35,Tosty z awokado pomidorem i mozzarella,sniadanie,1,Rozgniec awokado i dodaj sok z cytryny||Dopraw sola i pieprzem||Posmaruj tosty pasta z awokado||Uloz pomidora i mozzarella||Zapiecz 5 min w 200C||Podaj od razu,szybkie|wytrawne
36,Salatka z twarogiem rukola i pestkami dyni,sniadanie,2,Pokroj pomidora i ogorka w kostke||Przeloz do miski i dodaj rukole||Dodaj twarog i pestki dyni||Wymieszaj olej z sokiem z cytryny||Dopraw sola i pieprzem||Polej sosem i wymieszaj,fit|wytrawne
37,Muffiny jajeczne ze szpinakiem i szynka,sniadanie,2,Nagrzej piekarnik do 190C||Podsmaz cebule na oleju 3 min||Dodaj szpinak i poddusz 2 min||Roztrzep jajka z sola pieprzem i papryka slodka||Dodaj szynke i starty ser||Wymieszaj z warzywami i przelej do foremek||Piecz 15 min i podaj,wytrawne|na_cieplo
38,Jogurt z gruszka i orzechami wloskimi,sniadanie,1,Pokroj gruszke w kostke||Wsyp jogurt do miski||Dodaj gruszke||Dodaj orzechy wloskie||Skrop miodem||Posyp cynamonem i podaj,szybkie|na_slodko
39,Jaglanka wytrawna z feta i szpinakiem,sniadanie,2,Przeplucz kasze jaglana||Wlej wode do garnka i dodaj kasze||Gotuj 15 min na malym ogniu||Podsmaz cebule na oleju 3 min||Dodaj szpinak i pomidora i dus 3 min||Wymieszaj kasze z warzywami||Dodaj fete i dopraw sola pieprzem i papryka slodka,wytrawne|sycace
40,Serek wiejski z pomidorem i szczypiorkiem,sniadanie,1,Pokroj pomidora w kostke||Przeloz serek wiejski do miski||Dodaj pomidora i szczypiorek||Dopraw sola i pieprzem||Podaj z chlebem pelnoziarnistym,szybkie|wysokobialkowe
41,Jajka sadzone z boczkiem i pomidorem,sniadanie,1,Pokroj pomidora w kostke||Rozgrzej patelnie i roztop maslo||Podsmaz boczek 3 min az sie zrumieni||Przesun boczek na bok i wbij jajka||Smaz 3-4 min do sciecia bialek||Dodaj pomidora na patelnie na 1 min||Dopraw sola i pieprzem i posyp natka pietruszki,wytrawne|na_cieplo
42,Kanapki z hummusem feta i pomidorem,sniadanie,2,Posmaruj chleb hummusem||Pokroj pomidora w plastry||Uloz pomidora i pokruszona fete||Dodaj rukole||Skrop sokiem z cytryny||Dopraw sola i pieprzem i podaj,szybkie|wytrawne
43,Owsianka z gruszka i orzechami,sniadanie,1,Wlej mleko do garnka i zagotuj||Wsyp platki owsiane i gotuj 5 min||Dodaj szczyptę soli i cynamon||Pokroj gruszke w kostke||Przeloz owsianke do miski||Dodaj gruszke i orzechy||Polej miodem i podaj,na_slodko|sycace
44,Pudding chia ze skyrem i borowkami,sniadanie,1,Wymieszaj chia z mlekiem||Odstaw na 10 min i wymieszaj ponownie||Wstaw do lodowki na 2 h||Przeloz do miski i dodaj skyr||Dodaj borowki||Polej miodem i dodaj wanilie,bez_pieczenia|na_slodko
45,Wrap z tofu scramble i pesto,sniadanie,2,Pokrusz tofu widelcem||Podsmaz cebule na oleju 3 min||Dodaj czosnek i kurkume||Dodaj tofu i smaz 5 min||Dodaj szpinak i dopraw sola i pieprzem||Podgrzej tortille||Posmaruj pesto i naloz tofu||Zwin i podaj,wytrawne|sycace
46,Zapiekane jajka z suszonymi pomidorami i mozzarella,sniadanie,1,Nagrzej piekarnik do 190C||Podsmaz cebule na oleju 3 min||Dodaj szpinak i poddusz 2 min||Przeloz do naczynka||Dodaj suszone pomidory i mozzarella||Wbij jajka||Piecz 10-12 min do sciecia bialek||Dopraw sola pieprzem i papryka slodka,wytrawne|na_cieplo
47,Kasza manna ze skyrem i truskawkami,sniadanie,1,Zagotuj mleko w garnku||Wsyp kasze manne i mieszaj 3 min||Dodaj szczyptę soli i wanilie||Przeloz do miski||Dodaj skyr i wymieszaj||Dodaj truskawki||Polej miodem i podaj,na_slodko|szybkie
48,Jaglanka z jablkiem i maslem orzechowym,sniadanie,1,Przeplucz kasze jaglana||Wlej mleko i wode do garnka||Dodaj kasze i gotuj 15 min||Zetrzyj jablko i dodaj do garnka||Dodaj cynamon i szczyptę soli||Przeloz do miski||Dodaj maslo orzechowe||Polej miodem i podaj,na_slodko|sycace
49,Serek wiejski z ogorkiem i koperkiem,sniadanie,1,Pokroj ogorka w kostke||Przeloz serek wiejski do miski||Dodaj ogorka i koperek||Dopraw sola i pieprzem||Skrop sokiem z cytryny||Podaj z chlebem pelnoziarnistym,szybkie|wysokobialkowe
50,Omlet z pesto mozzarella i pomidorem,sniadanie,1,Roztrzep jajka z sola i pieprzem||Rozgrzej patelnie z olejem||Wlej jajka i smaz 2 min||Posmaruj pesto na wierzchu||Dodaj mozzarella i pomidora||Przykryj i smaz 2 min az ser sie roztopi||Zloz omlet i podaj,wytrawne|szybkie
51,Owsianka czekoladowa z maslem orzechowym i bananem,sniadanie,1,Wlej mleko do garnka i zagotuj||Wsyp platki owsiane i gotuj 5 min mieszajac||Dodaj kakao cynamon i szczyptę soli||Przeloz do miski||Dodaj maslo orzechowe i plastry banana||Polej miodem i podaj,na_slodko|szybkie
52,Frittata z pieczarkami szpinakiem i feta,sniadanie,2,Nagrzej piekarnik do 190C||Podsmaz cebule na oleju 3 min||Dodaj pieczarki i smaz 5 min||Dodaj szpinak i dopraw||Roztrzep jajka i wlej na patelnie||Posyp feta i wstaw do piekarnika na 10 min||Posyp natka pietruszki i podaj,wytrawne|na_cieplo
53,Ryz na mleku z mango i chia,sniadanie,2,Przeplucz ryz na sicie||Wlej mleko i wode do garnka||Dodaj ryz i szczyptę soli||Gotuj 20 min na malym ogniu i mieszaj||Dodaj wanilie i miod||Podaj z mango w kostce||Posyp chia,na_slodko
54,Kanapki z pasta tunczykowa,sniadanie,2,Odcedz tunczyka i rozgniec widelcem||Dodaj jogurt kukurydze cebule i ogorka kiszonego||Skrop sokiem z cytryny i dopraw sola i pieprzem||Wymieszaj na jednolita paste||Posmaruj chleb pasta||Posyp natka pietruszki i podaj,szybkie|wytrawne
55,Placuszki jogurtowe z borowkami,sniadanie,2,W misce wymieszaj jogurt jajka i wanilie||Dodaj make proszek do pieczenia i szczyptę soli||Wmieszaj polowe borowek||Rozgrzej patelnie z olejem||Smaz placuszki 2 min z kazdej strony||Podaj z reszta borowek i miodem,na_slodko|dla_dzieci
56,Twarozek na slodko z gruszka i orzechami,sniadanie,1,Pokroj gruszke w kostke||W misce rozgniec twarog||Dodaj jogurt miod i cynamon i wymieszaj||Dodaj gruszke i orzechy wloskie||Podaj od razu,na_slodko|wysokobialkowe
57,Zapiekane awokado z jajkiem i mozzarella,sniadanie,1,Przekroj awokado na pol i wyjmij pestke||Wydraz nieco miazszu aby zrobic miejsce na jajko||Uloz awokado w naczyniu||Wbij po jednym jajku do kazdej polowki||Posyp mozzarella||Piecz 12 min w 190C||Dopraw sola pieprzem i skrop cytryna,wytrawne|na_cieplo
58,Skyr z mango i pestkami dyni,sniadanie,1,Wsyp skyr do miski||Dodaj mango w kostce||Posyp pestkami dyni||Dodaj chia||Skrop miodem||Posyp cynamonem i podaj,bez_pieczenia|na_slodko
59,Omlet kakaowy z bananem,sniadanie,1,Roztrzep jajka z mlekiem i szczyptą soli||Dodaj make i kakao i wymieszaj||Rozgrzej patelnie i roztop maslo||Wlej mase i smaz 2 min||Uloz banana na polowie omletu||Zloz omlet i smaz 1 min||Polej miodem i podaj,na_slodko
60,Tortilla z jajkiem feta i warzywami,sniadanie,2,Pokroj papryke i cebule w kostke||Podsmaz na oleju 4 min||Dodaj szpinak i poddusz 2 min||Roztrzep jajka z sola pieprzem i papryka slodka||Wlej jajka na patelnie i smaz 2 min||Dodaj pokruszona fete||Zwin jajka w tortille||Podgrzej wrapy 1 min z kazdej strony,wytrawne|sycace
61,Kanapki z twarozkiem jajkiem i ogorkiem,sniadanie,2,Ugotuj jajka na twardo 8 min||Pokroj ogorka w plasterki||W misce wymieszaj twarog z jogurtem i koperkiem||Dopraw sola i pieprzem oraz skrop cytryna||Posmaruj chleb pasta||Pokroj jajka w plasterki i uloz na kanapkach||Dodaj ogorka i podaj,szybkie|wytrawne
62,Jogurt z granola i truskawkami,sniadanie,1,Wsyp jogurt do miski||Dodaj granole||Pokroj truskawki||Dodaj truskawki do miski||Polej miodem||Posyp chia i podaj,szybkie|na_slodko
63,Koktajl kefir banan mango,sniadanie,1,Obierz banana i mango||Wloz owoce do blendera||Dodaj kefir i miod||Blenduj 30 s do gladkosci||Dodaj cynamon i krotko zmiksuj||Przelej do szklanki i podaj,szybkie|na_slodko
64,Tosty z ricotta i truskawkami,sniadanie,1,Opiecz chleb tostowy||Posmaruj ricotta||Pokroj truskawki||Uloz truskawki na tostach||Skrop miodem||Posyp cynamonem i podaj,szybkie|na_slodko
65,Omlet ze skyrem i malinami,sniadanie,1,Roztrzep jajka w misce||Dodaj skyr i make i wymieszaj||Rozgrzej patelnie z odrobina oleju||Wlej mase i smaz 2 min||Dodaj maliny na wierzch||Przykryj i smaz 2 min||Zloz omlet i polej miodem,na_slodko|wysokobialkowe
66,Bowl z kasza gryczana pesto i mozzarella,sniadanie,2,Przeplucz kasze gryczana||Gotuj kasze w wodzie 15 min||Pokroj pomidora w kostke||Wymieszaj kasze z pesto||Dodaj pomidora i rukole||Dodaj mozzarella||Skrop olejem i dopraw sola i pieprzem,wytrawne|sycace
67,Kanapki z pasta z tunczyka i awokado,sniadanie,2,Odcedz tunczyka||Rozgniec awokado||Wymieszaj tunczyka z awokado i jogurtem||Dodaj cebule i sok z cytryny||Dopraw sola i pieprzem||Posmaruj chleb pasta||Posyp natka pietruszki i podaj,szybkie|wytrawne
68,Placuszki kefir z jablkiem,sniadanie,2,Zetrzyj jablko na tarce||W misce wymieszaj kefir jajka i make||Dodaj proszek do pieczenia cynamon i szczyptę soli||Wmieszaj jablko||Rozgrzej patelnie z olejem||Smaz placuszki 2 min z kazdej strony||Podaj z miodem,na_slodko|dla_dzieci
69,Serek wiejski z kiwi i orzechami,sniadanie,1,Pokroj kiwi w kostke||Wsyp serek wiejski do miski||Dodaj kiwi||Dodaj orzechy wloskie||Polej miodem||Posyp chia i podaj,szybkie|na_slodko
70,Jaglanka kakaowa z rodzynkami,sniadanie,1,Przeplucz kasze jaglana||Wlej mleko i wode do garnka||Dodaj kasze i szczyptę soli||Gotuj 15 min mieszajac||Dodaj kakao i wanilie||Dodaj rodzynki i gotuj 1 min||Przeloz do miski i polej miodem,na_slodko|sycace
71,Hash browns z jajkiem sadzonym,sniadanie,1,Zetrzyj ziemniaki na tarce||Odciśnij ziemniaki i dodaj cebule||Dodaj 1 jajko sol i pieprz i wymieszaj||Rozgrzej olej i smaz placki 3 min z kazdej strony||Na tej samej patelni usmaz drugie jajko||Podaj hash browns z jajkiem na wierzchu,wytrawne|na_cieplo
72,Batatowe tosty z awokado i jajkiem,sniadanie,1,Pokroj batata w podluzne plastry||Podpiecz plastry w piekarniku 200C 20 min przewracajac w polowie||Rozgniec awokado z sokiem z cytryny||Dopraw pasta sola i pieprzem||Uloz batatowe tosty na talerzu||Usmaz jajka sadzone i poloz na tostach||Posyp szczypiorkiem i podaj,wytrawne|sycace
73,Owsianka kokosowa z mango i chia,sniadanie,1,Zagotuj mleko kokosowe w garnku||Wsyp platki owsiane i gotuj 5 min mieszajac||Dodaj szczyptę soli i wymieszaj||Przeloz do miski||Dodaj mango w kostce||Posyp chia i wiorkami kokosowymi||Skrop miodem i podaj,na_slodko|sycace
74,Placuszki makowe z twarogiem,sniadanie,2,Wymieszaj twarog z jajkami||Dodaj make proszek do pieczenia mak wanilie i sol||Wymieszaj na gestą mase||Rozgrzej patelnie z olejem||Smaz placuszki 2 min z kazdej strony||Podaj z miodem,na_slodko|wysokobialkowe
75,Tosty z ricotta i dzemem,sniadanie,1,Opiecz chleb tostowy||Posmaruj ricotta||Dodaj dzem truskawkowy||Posyp cynamonem||Podaj od razu,szybkie|na_slodko
76,Kanapki z pstragiem i serkiem,sniadanie,2,Posmaruj chleb serkiem kanapkowym||Uloz pstraga na kanapkach||Dodaj ogorka w plasterkach||Skrop sokiem z cytryny||Posyp koperkiem||Dopraw pieprzem i podaj,szybkie|wytrawne
77,Salatka z burakiem feta i rukola,sniadanie,2,Pokroj buraki i ogorka w kostke||Przeloz do miski i dodaj rukole||Pokrusz fete i dodaj pestki dyni||Wymieszaj olej z sokiem z cytryny||Dopraw sola i pieprzem||Polej sosem i wymieszaj,fit|wytrawne
78,Pudding chia czekoladowy z bananem,sniadanie,1,Wymieszaj chia z mlekiem i kakao||Odstaw na 10 min i wymieszaj ponownie||Wstaw do lodowki na 2 h||Przeloz do miski||Dodaj maslo orzechowe||Dodaj banana w plasterkach||Skrop miodem i podaj,bez_pieczenia|na_slodko
79,Wrap z jajecznica i suszonymi pomidorami,sniadanie,2,Pokroj suszone pomidory w paski||Rozgrzej patelnie z olejem||Dodaj szpinak i poddusz 1 min||Wbij jajka i zrob jajecznice 2 min||Dodaj suszone pomidory i dopraw||Posyp serem i naloz na tortille||Zwin wrapy i podaj,wytrawne|na_cieplo
80,Nalesniki z mascarpone i truskawkami,sniadanie,2,Wymieszaj make jajka i mleko||Dodaj olej i wymieszaj||Rozgrzej patelnie i smaz cienkie nalesniki||Wymieszaj mascarpone z miodem i wanilia||Posmaruj nalesniki kremem||Dodaj truskawki||Zwin i podaj,na_slodko
81,Jaglanka kokosowa z bananem,sniadanie,1,Przeplucz kasze jaglana||Wlej mleko kokosowe i wode do garnka||Dodaj kasze i gotuj 15 min mieszajac||Dodaj szczyptę soli||Przeloz do miski||Dodaj banana i wiorki kokosowe||Skrop miodem i posyp cynamonem,na_slodko|sycace
82,Smoothie bowl kiwi mango,sniadanie,1,Zblenduj jogurt z mango i kiwi||Przeloz do miski||Posyp chia||Skrop miodem||Podaj od razu,szybkie|na_slodko
83,Omlet z pieczarkami i kozim serem,sniadanie,1,Pokroj pieczarki i cebule||Podsmaz cebule na oleju 2 min||Dodaj pieczarki i smaz 5 min||Roztrzep jajka z sola i pieprzem||Wlej jajka na patelnie||Posyp kozim serem||Przykryj 2 min i podaj,wytrawne|na_cieplo
84,Kanapki z hummusem i oliwkami,sniadanie,2,Posmaruj chleb hummusem||Pokroj pomidora w plastry||Dodaj rukole i oliwki||Skrop sokiem z cytryny||Dopraw sola i pieprzem||Podaj od razu,szybkie|wytrawne
85,Skyr z gruszka makiem i miodem,sniadanie,1,Wsyp skyr do miski||Dodaj gruszke w kostce||Posyp makiem||Dodaj cynamon||Skrop miodem i podaj,szybkie|na_slodko
86,Rosti ziemniaczane z sosem jogurtowym,sniadanie,2,Zetrzyj ziemniaki na tarce||Odciśnij ziemniaki i dodaj cebule||Dodaj jajko make sol i pieprz||Rozgrzej olej na patelni||Smaz rosti 4 min z kazdej strony||Wymieszaj jogurt z koperkiem||Dopraw sos sola i pieprzem||Podaj rosti z sosem,wytrawne|sycace
87,Owsianka z jablkiem suszonym i orzechami,sniadanie,1,Zagotuj mleko w garnku||Wsyp platki owsiane i gotuj 5 min||Dodaj jablko suszone i gotuj 2 min||Dodaj cynamon i szczyptę soli||Przeloz do miski||Dodaj orzechy i skrop miodem,na_slodko|sycace
88,Skyr tiramisu z espresso i kakao,sniadanie,1,Wymieszaj skyr z miodem||Wlej espresso do miski||Dodaj granole i wymieszaj||Przeloz do pucharka||Posyp kakao||Wstaw do lodowki na 15 min i podaj,szybkie|na_slodko
89,Kuskus z jogurtem mango i chia,sniadanie,1,Zalej kuskus goraca woda||Przykryj i odstaw 5 min||Rozdziel kuskus widelcem||Dodaj jogurt i wymieszaj||Dodaj mango w kostce||Posyp chia i skrop miodem,na_slodko|szybkie
90,Kanapki z kozim serem gruszka i miodem,sniadanie,1,Opiecz chleb na suchej patelni||Posmaruj kozim serem||Dodaj gruszke w plasterkach||Posyp orzechami||Skrop miodem||Posyp cynamonem i podaj,szybkie|na_slodko
91,Wrap tunczykowy z kukurydza i rukola,sniadanie,2,Odcedz tunczyka||Wymieszaj tunczyka z jogurtem i kukurydza||Dodaj cebule i sok z cytryny||Dopraw sola i pieprzem||Naloz paste na tortille i dodaj rukole||Zwin wrapy i podaj,szybkie|wytrawne
92,Zapiekane bataty z jajkiem i feta,sniadanie,1,Pokroj batata na grube plastry||Posmaruj olejem i piecz 200C 20 min||Na blaszce uloz szpinak||Poloz bataty na szpinaku||Wbij jajka obok batatow||Posyp feta i papryka slodka||Piecz 8 min do sciecia bialek i podaj,wytrawne|na_cieplo
93,Serek wiejski z granola i borowkami,sniadanie,1,Przeloz serek wiejski do miski||Dodaj granole||Dodaj borowki||Skrop miodem||Posyp chia i podaj,szybkie|na_slodko
94,Kanapki z pasta z fasoli i awokado,sniadanie,2,Odcedz fasole i rozgniec||Dodaj awokado i wymieszaj||Dodaj cebule czosnek sok z cytryny i kmin||Dopraw sola i pieprzem||Posmaruj chleb pasta||Podaj od razu,fit|wytrawne
95,Placuszki kokosowe ze skyrem,sniadanie,2,Wymieszaj skyr z jajkami||Dodaj make proszek do pieczenia wiorki kokosowe wanilie i sol||Wymieszaj na gestą mase||Rozgrzej patelnie z olejem||Smaz placuszki 2 min z kazdej strony||Podaj z miodem,na_slodko|wysokobialkowe
96,Jaglanka z makiem i rodzynkami,sniadanie,1,Przeplucz kasze jaglana||Wlej mleko i wode do garnka||Dodaj kasze i gotuj 15 min||Dodaj mak wanilie i szczyptę soli||Dodaj rodzynki i gotuj 1 min||Przeloz do miski i skrop miodem,na_slodko|sycace
97,Omlet caprese z mozzarella i pesto,sniadanie,1,Roztrzep jajka z sola i pieprzem||Rozgrzej patelnie z olejem||Wlej jajka i smaz 2 min||Dodaj mozzarella i pomidora||Dodaj pesto na wierzch||Przykryj 2 min i podaj,wytrawne|szybkie
98,Jajka na twardo z pasta z awokado,sniadanie,1,Ugotuj jajka na twardo 8 min||Obierz jajka i przekroj na pol||Rozgniec awokado z jogurtem||Dodaj ogorka kiszonego i sok z cytryny||Dopraw sola i pieprzem||Naloz paste na jajka i posyp szczypiorkiem,wytrawne|szybkie
99,Owsianka z espresso i kakao,sniadanie,1,Zagotuj mleko w garnku||Wsyp platki owsiane i gotuj 4 min||Wlej espresso i wymieszaj||Dodaj kakao i szczyptę soli||Przeloz do miski||Dodaj banana i skrop miodem,na_slodko|sycace
100,Zielona shakshuka ze szpinakiem i feta,sniadanie,2,Podsmaz cebule na oleju 3 min||Dodaj czosnek papryke slodka i kmin||Dodaj passate i gotuj 6 min||Dodaj szpinak i gotuj 2 min||Dopraw sola i pieprzem||Zrob zaglebienia i wbij jajka||Przykryj i gotuj 6 min||Posyp feta i podaj,wytrawne|na_cieplo
101,Kurczak curry kokosowy z ryzem,obiad,2,Ugotuj ryz wedlug instrukcji||Pokroj kurczaka w kostke||Podsmaz cebule na oliwie 3 min||Dodaj czosnek kurkume kmin i chili i smaz 30 s||Dodaj kurczaka i smaz 5 min||Dodaj papryke||Wlej mleko kokosowe i dus 10 min||Podaj z ryzem,na_cieplo|jednogarnkowe
102,Spaghetti bolognese,obiad,4,Ugotuj makaron al dente||Podsmaz cebule na oliwie 3 min||Dodaj marchew i smaz 4 min||Dodaj czosnek i mieso mielone i smaz 6 min||Dodaj pomidory i koncentrat oraz oregano||Gotuj 15 min az sos zgestnieje||Podawaj z parmezanem,makaron|rodzinne
103,Penne z kurczakiem i pesto,obiad,2,Ugotuj penne al dente||Pokroj kurczaka w paski||Podsmaz kurczaka na oliwie 6 min||Dodaj czosnek i szpinak i poddusz 2 min||Dodaj pesto i wymieszaj||Wmieszaj makaron||Dodaj mozzarella i podaj,szybkie|makaron
104,Stir fry tofu z warzywami i ryzem,obiad,2,Ugotuj ryz wedlug instrukcji||Pokrusz tofu i osusz papierem||Podsmaz cebule na oliwie 2 min||Dodaj marchew papryke i imbir i smaz 5 min||Dodaj tofu i smaz 4 min||Wlej sos sojowy i dopraw||Posyp sezamem||Podaj z ryzem,wege|szybkie|azjatyckie
105,Leczo z cukinia i kielbasa,obiad,3,Pokroj kielbase i warzywa w kostke||Podsmaz cebule na oliwie 3 min||Dodaj kielbase i smaz 4 min||Dodaj papryke i cukinie i smaz 5 min||Wlej passate||Dodaj papryke slodka i dopraw||Dusz 15 min i podaj,jednogarnkowe|na_cieplo
106,Pieczony losos z ziemniakami i brokulem,obiad,2,Nagrzej piekarnik do 200C||Pokroj ziemniaki i wymieszaj z oliwa i sola||Piecz ziemniaki 25 min||Dodaj brokul na blache na 12 min||Poloz lososia na papierze i skrop cytryna||Posyp koperkiem i pieprzem||Piecz lososia 12 min||Podaj wszystko razem,pieczone|fit
107,Zupa pomidorowa z makaronem,obiad,4,Podsmaz cebule na oliwie 3 min||Dodaj czosnek i smaz 30 s||Wlej bulion i passate||Dodaj koncentrat i bazylie||Gotuj 12 min||Wlej smietanke i dopraw||Ugotuj makaron nitki osobno||Podawaj z makaronem,zupa|rodzinne
108,Chili con carne z ryzem,obiad,4,Ugotuj ryz wedlug instrukcji||Podsmaz cebule na oliwie 3 min||Dodaj czosnek i mieso mielone i smaz 6 min||Dodaj kmin papryke slodka i chili||Dodaj pomidory fasole i kukurydze||Gotuj 20 min az sos zgestnieje||Dopraw i podaj z ryzem,pikantne|jednogarnkowe
109,Kotlety z indyka z kasza gryczana i mizeria,obiad,2,Ugotuj kasze gryczana||Posiekaj indyka i cebule||Wymieszaj z jajkiem maka i natka||Uformuj kotleciki i smaz na oleju 3 min z kazdej strony||Pokroj ogorka w plastry||Wymieszaj ogorka z jogurtem i cytryna||Podaj kotlety z kasza i mizeria,domowe|na_cieplo
110,Salatka grecka z kurczakiem,obiad,2,Usmaz kurczaka na oliwie 6 min||Pokroj ogorka i pomidora||Dodaj rukole i oliwki||Pokrusz fete||Wymieszaj oliwe z cytryna i oregano||Polej sosem i dopraw||Dodaj kurczaka na wierzch i podaj,fit|salatka
111,Risotto z pieczarkami i parmezanem,obiad,2,Podsmaz cebule na oliwie 3 min||Dodaj pieczarki i smaz 6 min||Dodaj ryz i mieszaj 1 min||Wlewaj bulion partiami i mieszaj 18 min||Dodaj maslo i parmezan||Dopraw i posyp natka||Podaj od razu,kremowe|na_cieplo
112,Gulasz z soczewicy czerwonej,obiad,4,Podsmaz cebule na oliwie 3 min||Dodaj marchew i smaz 4 min||Dodaj czosnek kmin papryke i chili||Wsyp soczewice i wymieszaj||Dodaj pomidory i bulion||Gotuj 20 min az soczewica zmieknie||Dopraw i podaj,wege|jednogarnkowe
113,Placki ziemniaczane z sosem czosnkowym,obiad,2,Zetrzyj ziemniaki i cebule||Odciśnij mase i dodaj jajko i make||Dopraw sola i pieprzem||Rozgrzej olej i smaz placki 3 min z kazdej strony||Wymieszaj jogurt z czosnkiem i koperkiem||Dopraw sos||Podaj placki z sosem,domowe|na_cieplo
114,Spaghetti carbonara,obiad,2,Ugotuj makaron al dente||Podsmaz boczek na suchej patelni||Roztrzep jajka z parmezanem||Odcedz makaron i zostaw odrobine wody||Wymieszaj makaron z boczkiem||Zdejmij z ognia i dodaj sos jajeczny||Dopraw pieprzem i podaj,szybkie|makaron
115,Zapiekanka penne z brokulem i kurczakiem,obiad,4,Ugotuj penne 2 min krocej||Pokroj kurczaka i podsmaz na oliwie 6 min||Podziel brokul i obgotuj 3 min||Wymieszaj makaron kurczaka brokul i smietanke||Dopraw i przeloz do naczynia||Posyp serem||Zapiecz 20 min w 190C||Podaj na cieplo,zapiekanka|rodzinne
116,Tacos z fasola i kukurydza,obiad,2,Podsmaz cebule na oliwie 3 min||Dodaj czosnek i przyprawy||Dodaj pomidory fasole i kukurydze||Gotuj 10 min az farsz zgestnieje||Podgrzej tortille||Naloz farsz i dodaj rukole||Posyp serem i podaj,szybkie|meksykanskie
117,Krem z dyni z mlekiem kokosowym,obiad,4,Podsmaz cebule na oliwie 3 min||Dodaj czosnek i imbir i smaz 30 s||Dodaj dynie w kostce||Wlej bulion i gotuj 20 min||Zblenduj na gladko||Wlej mleko kokosowe i dopraw||Posyp pestkami dyni||Podaj na cieplo,zupa|fit
118,Dorsz pieczony z warzywami,obiad,2,Nagrzej piekarnik do 200C||Pokroj warzywa w paski||Wymieszaj warzywa z oliwa i ziolami||Uloz warzywa na blasze||Poloz dorsza i skrop cytryna||Piecz 18 min||Dopraw i podaj,pieczone|fit
119,Kurczak w sosie pomidorowym z mozzarella,obiad,2,Podsmaz cebule na oliwie 3 min||Dodaj czosnek||Dodaj kurczaka w kostce i smaz 6 min||Wlej passate i dodaj bazylie||Gotuj 12 min||Dodaj mozzarella i przykryj 2 min||Dopraw i podaj,na_cieplo|sos
120,Kuskus z warzywami i ciecierzyca,obiad,2,Zalej kuskus goraca woda i odstaw 5 min||Podsmaz cebule na oliwie 3 min||Dodaj papryke i cukinie i smaz 6 min||Dodaj ciecierzyce i ziola||Wymieszaj z kuskusem||Dodaj fete||Skrop cytryna i dopraw||Podaj,wege|szybkie
121,Kaszotto z burakiem i kozim serem,obiad,2,Ugotuj kasze gryczana||Podsmaz cebule na oliwie 3 min||Dodaj szpinak i poddusz 2 min||Dodaj buraki w kostce||Wmieszaj ugotowana kasze||Dopraw sola i pieprzem||Dodaj kozi ser i orzechy||Podaj,wege|sycace
122,Makaron z tunczykiem i kukurydza,obiad,2,Ugotuj penne al dente||Podsmaz cebule na oliwie 2 min||Dodaj czosnek i smaz 30 s||Dodaj tunczyka i kukurydze||Dodaj jogurt i cytryne i wymieszaj||Polacz z makaronem||Posyp natka i podaj,szybkie|makaron
123,Bataty zapiekane z ciecierzyca i feta,obiad,2,Nagrzej piekarnik do 200C||Pokroj bataty w kostke i wymieszaj z oliwa||Piecz 25 min||Dodaj ciecierzyce i przyprawy||Dodaj szpinak na 3 min||Wyjmij i dodaj fete||Dopraw i podaj,pieczone|wege
124,Kurczak stir fry z makaronem ryzowym,obiad,2,Ugotuj makaron ryzowy wedlug instrukcji||Pokroj kurczaka w paski||Podsmaz cebule na oliwie 2 min||Dodaj marchew papryke imbir i smaz 5 min||Dodaj kurczaka i smaz 6 min||Wlej sos sojowy i dopraw||Wymieszaj z makaronem||Posyp sezamem i podaj,szybkie|azjatyckie
125,Zupa ogorkowa,obiad,4,Podsmaz cebule na oliwie 3 min||Dodaj marchew i smaz 3 min||Wlej bulion i dodaj ziemniaki||Gotuj 12 min||Zetrzyj ogorki kiszone i dodaj do garnka||Gotuj 8 min||Dodaj smietanke i koperek||Dopraw i podaj,zupa|domowe
126,Bigos szybki z kielbasa,obiad,4,Pokroj kielbase i cebule||Podsmaz cebule na oliwie 3 min||Dodaj kielbase i smaz 4 min||Dodaj kapuste kiszona i biala||Dodaj czosnek i koncentrat||Dodaj ziola i dopraw||Dusz 35 min mieszajac||Podaj gorace,jednogarnkowe|domowe
127,Fasolka po bretonsku,obiad,4,Podsmaz boczek na patelni||Dodaj cebule i smaz 3 min||Dodaj kielbase i smaz 4 min||Dodaj czosnek i papryke slodka||Dodaj pomidory i koncentrat||Dodaj fasole i wymieszaj||Gotuj 20 min||Dopraw i podaj,jednogarnkowe|sycace
128,Placki z cukinii z feta i sosem jogurtowym,obiad,2,Zetrzyj cukinie i odcisnij||Dodaj jajka make czosnek i koperek||Dodaj fete i wymieszaj||Rozgrzej oliwe i smaz placki 3 min z kazdej strony||Wymieszaj jogurt z czosnkiem||Dopraw sos||Podaj placki z sosem,wege|szybkie
129,Salatka quinoa z feta i oliwkami,obiad,2,Ugotuj quinoa i ostudz||Pokroj ogorka i pomidora||Dodaj rukole i oliwki||Dodaj fete||Wymieszaj oliwe z cytryna i oregano||Polacz skladniki i dopraw||Podaj,fit|salatka
130,Ryz smazony z jajkiem i warzywami,obiad,2,Ugotuj ryz i ostudz||Pokroj marchew w drobna kostke||Podsmaz cebule na oliwie 2 min||Dodaj marchew i groszek i smaz 5 min||Dodaj czosnek||Przesun warzywa i wbij jajka||Dodaj ryz i sos sojowy i wymieszaj||Posyp sezamem i podaj,szybkie|azjatyckie
131,Zupa jarzynowa z brokulem i groszkiem,obiad,4,Podsmaz cebule na oliwie 3 min||Dodaj czosnek i smaz 30 s||Dodaj ziemniaki i marchew w kostce||Wlej bulion i gotuj 12 min||Dodaj brokul i groszek i gotuj 6 min||Dopraw i posyp natka pietruszki,zupa|domowe
132,Makaron penne w sosie smietanowym z kurczakiem i pieczarkami,obiad,2,Ugotuj penne al dente||Podsmaz cebule na oliwie 3 min||Dodaj pieczarki i smaz 6 min||Dodaj kurczaka i smaz 6 min||Wlej smietanke i gotuj 3 min||Wymieszaj z makaronem i posyp parmezanem,makaron|szybkie
133,Spaghetti arrabbiata z oliwkami,obiad,2,Ugotuj spaghetti al dente||Podsmaz czosnek na oliwie 30 s||Dodaj chili pomidory i koncentrat||Gotuj 12 min az sos zgestnieje||Dodaj oliwki i oregano||Wymieszaj z makaronem i posyp parmezanem,makaron|pikantne
134,Pulpeciki w sosie pomidorowym z ryzem,obiad,4,Ugotuj ryz wedlug instrukcji||Wymieszaj mieso z jajkiem cebula sola i pieprzem||Uformuj pulpeciki||Podsmaz pulpeciki na oliwie 6 min||Dodaj pomidory i oregano||Dusz 15 min i podaj z ryzem,domowe|na_cieplo
135,Indyk z makaronem ryzowym i warzywami,obiad,2,Ugotuj makaron ryzowy||Podsmaz cebule na oleju 2 min||Dodaj imbir i czosnek||Dodaj indyka i smaz 6 min||Dodaj marchew i papryke i smaz 5 min||Wlej sos sojowy wymieszaj i posyp sezamem,azjatyckie|szybkie
136,Quinoa z pieczonym lososiem i brokulem,obiad,2,Ugotuj quinoa i odstaw||Podziel brokul na rozyczki||Upiecz lososia 12 min w 200C||Ugotuj brokul 4 min||Wymieszaj quinoa z warzywami rukola i oliwa||Dodaj lososia i skrop cytryna,fit|pieczone
137,Dorsz w sosie kokosowym z ryzem i brokulem,obiad,2,Ugotuj ryz wedlug instrukcji||Podsmaz cebule na oliwie 3 min||Dodaj czosnek imbir i chili||Wlej mleko kokosowe i gotuj 4 min||Dodaj dorsza i duś 10 min||Podaj z ryzem i brokulem,na_cieplo|fit
138,Leczo z ciecierzyca i cukinia,obiad,3,Podsmaz cebule na oliwie 3 min||Dodaj czosnek i smaz 30 s||Dodaj papryke i cukinie i smaz 6 min||Wlej passate i dopraw papryka slodka||Dodaj ciecierzyce i dus 12 min||Dopraw sola i pieprzem i podaj,wege|jednogarnkowe
139,Krem z brokula z grzankami,obiad,4,Podsmaz cebule na oliwie 3 min||Dodaj czosnek i smaz 30 s||Dodaj brokul i wlej bulion||Gotuj 12 min do miekkosci||Zblenduj i dodaj smietanke||Usmaz grzanki na masle i podaj,zupa|kremowe
140,Kapusniak z kiszonej kapusty i kielbasa,obiad,4,Podsmaz cebule na oliwie 3 min||Dodaj kielbase i smaz 4 min||Dodaj marchew i ziemniaki w kostce||Dodaj kapuste kiszona i wlej bulion||Gotuj 25 min||Dopraw ziolami i pieprzem i podaj,zupa|domowe
141,Zapiekanka ziemniaczana z kielbasa i serem,obiad,4,Nagrzej piekarnik do 190C||Pokroj ziemniaki i podgotuj 8 min||Podsmaz cebule i kielbase 6 min||Wymieszaj smietanke z przyprawami||Uloz warstwy ziemniakow i kielbasy||Zalej smietanka posyp serem i piecz 30 min,zapiekanka|sycace
142,Spaghetti aglio e olio z chili,obiad,2,Ugotuj spaghetti al dente||Podsmaz czosnek na oliwie 30 s||Dodaj chili i wymieszaj||Dodaj makaron i odrobine wody z gotowania||Wymieszaj z natka pietruszki||Dopraw i posyp parmezanem,szybkie|makaron
143,Quinoa z tofu i brokulem w stylu azjatyckim,obiad,2,Ugotuj quinoa||Podsmaz cebule na oleju 2 min||Dodaj imbir i czosnek||Dodaj tofu i smaz 6 min||Dodaj marchew i brokul i smaz 6 min||Wlej sos sojowy posyp sezamem i podaj,wege|azjatyckie
144,Curry z soczewicy i dyni z ryzem,obiad,4,Podsmaz cebule na oliwie 3 min||Dodaj czosnek imbir kurkume i chili||Dodaj dynie w kostce i smaz 3 min||Wsyp soczewice i wlej mleko kokosowe||Gotuj 20 min az zgestnieje||Podaj z ryzem,wege|jednogarnkowe
145,Salatka makaronowa z tunczykiem i kukurydza,obiad,3,Ugotuj penne i ostudz||Pokroj ogorka i pomidora||Wymieszaj makaron z tunczykiem i kukurydza||Dodaj jogurt i sok z cytryny||Dopraw sola i pieprzem||Posyp natka pietruszki i podaj,salatka|szybkie
146,Cukinia faszerowana miesem mielonym i pomidorami,obiad,2,Przekroj cukinie i wydraz srodek||Podsmaz cebule na oliwie 3 min||Dodaj czosnek i mieso i smaz 6 min||Dodaj pomidory i oregano i gotuj 8 min||Naloz farsz do cukinii||Posyp serem i piecz 20 min w 200C,pieczone|domowe
147,Kurczak z brokulem w sosie sojowym i sezamie,obiad,2,Ugotuj ryz wedlug instrukcji||Podsmaz kurczaka na oleju 6 min||Dodaj imbir i czosnek||Dodaj marchew i brokul i smaz 6 min||Wlej sos sojowy i wymieszaj||Posyp sezamem i podaj z ryzem,azjatyckie|szybkie
148,Kotleciki z ciecierzycy z sosem jogurtowym,obiad,2,Odcedz ciecierzyce i rozgniec||Dodaj jajko cebule czosnek make i natke||Dopraw i uformuj kotleciki||Smaz na oleju 3 min z kazdej strony||Wymieszaj jogurt z koperkiem i cytryna||Podaj kotleciki z sosem,wege|szybkie
149,Gulasz z fasoli bialej i kielbasy,obiad,4,Podsmaz cebule na oliwie 3 min||Dodaj kielbase i smaz 4 min||Dodaj czosnek i ziola||Dodaj pomidory i fasole||Gotuj 20 min az zgestnieje||Dopraw i podaj,jednogarnkowe|sycace
150,Minestrone z warzywami i makaronem,obiad,4,Podsmaz cebule na oliwie 3 min||Dodaj czosnek marchew i cukinie||Wlej bulion i dodaj pomidory||Dodaj fasole i gotuj 12 min||Dodaj makaron i gotuj 6 min||Dopraw bazylia i podaj,zupa|wege
151,Makaron ryzowy z lososiem i szpinakiem w sosie smietanowym,obiad,2,Ugotuj makaron ryzowy||Podsmaz cebule na oliwie 3 min||Dodaj czosnek i lososia i smaz 4 min||Dodaj szpinak i poddusz 2 min||Wlej smietanke i gotuj 3 min||Wymieszaj z makaronem i skrop cytryna,makaron|na_cieplo
152,Kasza gryczana z pieczarkami szpinakiem i feta,obiad,2,Ugotuj kasze gryczana||Podsmaz cebule na oliwie 3 min||Dodaj pieczarki i smaz 6 min||Dodaj czosnek i szpinak i poddusz 2 min||Wymieszaj z kasza i dopraw||Dodaj fete i podaj,sycace|wege
153,Pieczony indyk z batatami i brokulem,obiad,2,Nagrzej piekarnik do 200C||Pokroj batata i wymieszaj z oliwa||Uloz batata i piecz 20 min||Dodaj indyka doprawionego ziolami||Dodaj brokul i piecz 15 min||Skrop cytryna i podaj,pieczone|fit
154,Tacos z kurczakiem i salsa pomidorowa,obiad,2,Usmaz kurczaka na oliwie 6 min||Pokroj pomidora cebule i wymieszaj z cytryna||Dopraw salsa sola pieprzem i chili||Podgrzej tortille na suchej patelni||Naloz kurczaka rukole i ser||Dodaj salsa i zwin tacos,szybkie|meksykanskie
155,Chili sin carne z ryzem,obiad,4,Ugotuj ryz wedlug instrukcji||Podsmaz cebule na oliwie 3 min||Dodaj czosnek chili kmin i papryke||Dodaj pomidory fasole ciecierzyce i kukurydze||Gotuj 20 min az zgestnieje||Dopraw i podaj z ryzem,wege|pikantne
156,Spaghetti z sosem dyniowym i parmezanem,obiad,2,Ugotuj spaghetti al dente||Podsmaz cebule na oliwie 3 min||Dodaj czosnek i dynie w kostce||Wlej smietanke i gotuj 12 min||Dopraw bazylia i zblenduj na sos||Wymieszaj z makaronem i posyp parmezanem,makaron|kremowe
157,Ryz smazony z kurczakiem i groszkiem,obiad,2,Ugotuj ryz i ostudz||Podsmaz cebule na oleju 2 min||Dodaj kurczaka i smaz 6 min||Dodaj marchew i groszek i smaz 5 min||Wbij jajka i wymieszaj||Dodaj ryz sos sojowy posyp sezamem i podaj,szybkie|azjatyckie
158,Salatka quinoa z burakiem i kozim serem,obiad,2,Ugotuj quinoa i ostudz||Pokroj buraki w kostke||Dodaj rukole i buraki do miski||Dodaj kozi ser i orzechy||Polej oliwa i cytryna||Dopraw i podaj,fit|salatka
159,Zupa z soczewicy i pomidorow,obiad,4,Podsmaz cebule na oliwie 3 min||Dodaj czosnek i oregano||Dodaj soczewice pomidory i bulion||Gotuj 20 min do miekkosci||Dodaj smietanke i dopraw||Podaj na cieplo,zupa|jednogarnkowe
160,Penne z brokulem i feta,obiad,2,Ugotuj penne al dente||Ugotuj brokul 4 min||Podsmaz czosnek na oliwie 30 s||Dodaj brokul i dopraw oregano||Wymieszaj z makaronem i skrop cytryna||Dodaj fete i podaj,szybkie|makaron
161,Tagliatelle z kurczakiem i szpinakiem w sosie smietanowym,obiad,2,Ugotuj tagliatelle al dente||Podsmaz cebule na oliwie 3 min||Dodaj kurczaka i smaz 6 min||Dodaj czosnek i szpinak i poddusz 2 min||Wlej smietanke i gotuj 3 min||Wymieszaj z makaronem||Posyp parmezanem i podaj,makaron|szybkie
162,Gulasz z indyka z papryka i cukinia,obiad,3,Podsmaz cebule na oliwie 3 min||Dodaj czosnek i papryke slodka||Dodaj indyka i smaz 6 min||Dodaj papryke i cukinie i smaz 5 min||Dodaj pomidory z puszki||Dusz 15 min az zgestnieje||Dopraw oregano sola i pieprzem,jednogarnkowe|na_cieplo
163,Krem z marchewki i imbiru z mlekiem kokosowym,obiad,4,Podsmaz cebule na oliwie 3 min||Dodaj czosnek i imbir i smaz 30 s||Dodaj marchew w plasterkach||Wlej bulion i gotuj 18 min||Zblenduj na gladko||Wlej mleko kokosowe i podgrzej 2 min||Dopraw sola i pieprzem,zupa|fit
164,Ryz basmati z kurczakiem i brokulem w sosie sojowym,obiad,2,Ugotuj ryz basmati wedlug instrukcji||Podsmaz cebule na oleju 2 min||Dodaj kurczaka i smaz 6 min||Dodaj marchew i brokul i smaz 6 min||Dodaj czosnek i wymieszaj||Wlej sos sojowy i dopraw||Posyp sezamem||Podaj z ryzem,azjatyckie|szybkie
165,Bulgur z ciecierzyca warzywami i feta,obiad,2,Zalej bulgur goraca woda i odstaw 10 min||Podsmaz cebule na oliwie 3 min||Dodaj papryke i cukinie i smaz 6 min||Dodaj ciecierzyce i ziola prowansalskie||Wymieszaj z bulgurem||Skrop cytryna i dopraw||Dodaj fete i podaj,wege|szybkie
166,Baklazan zapiekany z pomidorami i mozzarella,obiad,3,Podsmaz cebule na oliwie 3 min||Dodaj czosnek i smaz 30 s||Dodaj pomidory z puszki i koncentrat||Gotuj 10 min az zgestnieje||Pokroj baklazan w plastry i uloz w naczyniu||Zalej sosem i dodaj mozzarella||Zapiecz 25 min w 200C||Dopraw bazylia sola i pieprzem,pieczone|wege
167,Kalafior curry kokosowy z quinoa,obiad,3,Ugotuj quinoa wedlug instrukcji||Podsmaz cebule na oliwie 3 min||Dodaj czosnek imbir kurkume i chili||Dodaj kalafior w rozyczkach i smaz 3 min||Wlej mleko kokosowe||Dusz 12 min do miekkosci||Dopraw sola i pieprzem||Podaj z quinoa,wege|jednogarnkowe
168,Zupa z fasolki szparagowej i ziemniakow,obiad,4,Podsmaz cebule na oliwie 3 min||Dodaj czosnek i smaz 30 s||Dodaj ziemniaki i marchew w kostce||Wlej bulion i gotuj 12 min||Dodaj fasolke szparagowa i gotuj 8 min||Wlej smietanke i wymieszaj||Dodaj koperek i dopraw,zupa|domowe
169,Makaron ryzowy z dorszem i warzywami,obiad,2,Ugotuj makaron ryzowy wedlug instrukcji||Podsmaz cebule na oleju 2 min||Dodaj czosnek i imbir||Dodaj marchew i papryke i smaz 5 min||Dodaj dorsza i smaz 5 min||Wlej sos sojowy i wymieszaj||Dodaj makaron i wymieszaj||Posyp sezamem i podaj,azjatyckie|szybkie
170,Kotlety mielone z ziemniakami i surowka z kapusty,obiad,4,Ugotuj ziemniaki do miekkosci||Wymieszaj mieso z jajkiem cebula maka sola i pieprzem||Uformuj kotlety i smaz na oleju 3 min z kazdej strony||Posiekaj kapuste na cienkie paski||Wymieszaj kapuste z jogurtem i cytryna||Dopraw surowke||Podaj kotlety z ziemniakami i surowka,domowe|na_cieplo
171,Kurczak pieczony z dynia i ciecierzyca,obiad,3,Nagrzej piekarnik do 200C||Pokroj dynie w kostke i wymieszaj z oliwa||Dodaj ciecierzyce czosnek i ziola prowansalskie||Dodaj kurczaka doprawionego sola i pieprzem||Piecz 30 min mieszajac w polowie||Dopraw papryka slodka||Podaj na cieplo,pieczone|fit
172,Penne z brokulem w sosie serowym,obiad,3,Ugotuj penne al dente||Ugotuj brokul 4 min i odcedz||Podsmaz cebule na oliwie 3 min||Dodaj czosnek i smaz 30 s||Wlej smietanke i podgrzewaj 2 min||Dodaj ser i mieszaj do rozpuszczenia||Dodaj makaron i brokul||Dopraw i podaj,makaron|sycace
173,Salatka quinoa z tunczykiem i oliwkami,obiad,2,Ugotuj quinoa i ostudz||Pokroj ogorka i pomidora||Wymieszaj warzywa z rukola||Dodaj tunczyka i oliwki||Polej oliwa i cytryna||Dopraw sola i pieprzem||Wymieszaj i podaj,fit|salatka
174,Zupa z ciecierzycy i pomidorow z kminem,obiad,4,Podsmaz cebule na oliwie 3 min||Dodaj czosnek kmin i papryke slodka||Dodaj pomidory z puszki i bulion||Dodaj ciecierzyce||Gotuj 15 min||Dopraw sola i pieprzem||Podaj na cieplo,zupa|wege
175,Indyk w sosie pieczarkowym z kasza gryczana,obiad,2,Ugotuj kasze gryczana||Podsmaz cebule na oliwie 3 min||Dodaj pieczarki i smaz 6 min||Dodaj indyka i smaz 6 min||Wlej smietanke i gotuj 3 min||Dopraw sola i pieprzem||Posyp natka pietruszki||Podaj z kasza,domowe|na_cieplo
176,Tofu w sosie pomidorowym z cukinia i ryzem,obiad,3,Ugotuj ryz wedlug instrukcji||Podsmaz cebule na oliwie 3 min||Dodaj czosnek i smaz 30 s||Dodaj tofu i smaz 5 min||Dodaj papryke i cukinie i smaz 6 min||Wlej passate i dus 10 min||Dopraw papryka slodka sola i pieprzem||Podaj z ryzem,wege|jednogarnkowe
177,Zapiekanka z kalafiorem ziemniakami i feta,obiad,4,Nagrzej piekarnik do 190C||Podgotuj ziemniaki 8 min||Podziel kalafior na rozyczki i obgotuj 4 min||Podsmaz cebule na oliwie 3 min||Wymieszaj smietanke z przyprawami||Uloz ziemniaki i kalafior w naczyniu||Dodaj fete i zalej smietanka||Zapiecz 25 min,zapiekanka|wege
178,Baklazan z ciecierzyca w sosie pomidorowym,obiad,3,Podsmaz cebule na oliwie 3 min||Dodaj czosnek kmin i chili||Dodaj baklazan w kostce i smaz 6 min||Dodaj pomidory z puszki||Dodaj ciecierzyce||Dusz 15 min az baklazan zmieknie||Dopraw sola i pieprzem,jednogarnkowe|wege
179,Stir fry kurczak z fasolka szparagowa,obiad,2,Podsmaz cebule na oleju 2 min||Dodaj kurczaka i smaz 6 min||Dodaj czosnek i imbir||Dodaj fasolke szparagowa i marchew i smaz 7 min||Wlej sos sojowy i wymieszaj||Posyp sezamem||Dopraw i podaj,azjatyckie|szybkie
180,Krem z dyni i soczewicy,obiad,4,Podsmaz cebule na oliwie 3 min||Dodaj czosnek i kurkume||Dodaj dynie w kostce||Wlej bulion i dodaj soczewice||Gotuj 20 min||Zblenduj na gladko||Wlej smietanke i dopraw||Podaj na cieplo,zupa|jednogarnkowe
181,Pstrag wedzony z ziemniakami i mizeria,obiad,2,Ugotuj ziemniaki do miekkosci||Pokroj ogorka w cienkie plastry||Wymieszaj ogorka z jogurtem i koperkiem||Dopraw sola i pieprzem||Podaj pstraga wedzonego z ziemniakami||Dodaj mizerie i skrop cytryna,domowe|szybkie
182,Spaghetti z sosem pomidorowym i ciecierzyca,obiad,3,Ugotuj spaghetti al dente||Podsmaz cebule na oliwie 3 min||Dodaj czosnek i smaz 30 s||Dodaj pomidory z puszki i koncentrat||Gotuj 10 min||Dodaj ciecierzyce i bazylie||Wymieszaj z makaronem||Dopraw i podaj,makaron|wege
183,Quinoa z warzywami pieczonymi i kozim serem,obiad,2,Ugotuj quinoa i odstaw||Nagrzej piekarnik do 200C||Pokroj papryke cukinie i marchew||Wymieszaj warzywa z oliwa i ziolami||Piecz 25 min||Polacz quinoa z warzywami||Dodaj kozi ser i skrop cytryna||Dopraw i podaj,fit|pieczone
184,Zapiekanka ziemniaczana z boczkiem i pieczarkami,obiad,4,Nagrzej piekarnik do 190C||Podgotuj ziemniaki 8 min||Podsmaz boczek z cebula 5 min||Dodaj pieczarki i smaz 6 min||Wymieszaj smietanke z sola i pieprzem||Uloz ziemniaki i farsz w naczyniu||Posyp serem i zalej smietanka||Zapiecz 30 min,zapiekanka|sycace
185,Tagliatelle z indykiem w sosie pomidorowym,obiad,3,Ugotuj tagliatelle al dente||Podsmaz cebule na oliwie 3 min||Dodaj indyka i smaz 6 min||Dodaj czosnek i oregano||Dodaj pomidory z puszki i koncentrat||Gotuj 12 min||Wymieszaj z makaronem||Posyp parmezanem i podaj,makaron|na_cieplo
186,Zupa brokulowa z serem i grzankami,obiad,4,Podsmaz cebule na oliwie 3 min||Dodaj czosnek i smaz 30 s||Dodaj brokul i wlej bulion||Gotuj 12 min||Zblenduj i wlej smietanke||Dodaj starty ser i wymieszaj||Zrob grzanki na masle||Podaj z grzankami,zupa|kremowe
187,Salatka z kurczakiem mango i rukola,obiad,2,Usmaz kurczaka na oliwie 6 min||Pokroj mango ogorka i pomidora||Wymieszaj rukole z warzywami||Dodaj kurczaka||Posyp pestkami dyni||Polej oliwa i cytryna||Dopraw i podaj,fit|salatka
188,Penne z dorszem i szpinakiem w sosie smietanowym,obiad,3,Ugotuj penne al dente||Podsmaz cebule na oliwie 3 min||Dodaj czosnek i dorsza i smaz 4 min||Dodaj szpinak i poddusz 2 min||Wlej smietanke i gotuj 3 min||Wymieszaj z makaronem||Posyp natka i dopraw||Podaj na cieplo,makaron|na_cieplo
189,Kuskus z fasola czerwona i warzywami,obiad,3,Zalej kuskus goraca woda i odstaw 5 min||Podsmaz cebule na oliwie 3 min||Dodaj czosnek kmin i papryke slodka||Dodaj papryke i cukinie i smaz 6 min||Dodaj fasole i wymieszaj||Polacz z kuskusem||Dopraw sola i pieprzem||Podaj,wege|szybkie
190,Quinoa z kurczakiem i sosem jogurtowym,obiad,2,Ugotuj quinoa i odstaw||Usmaz kurczaka na oliwie 6 min||Pokroj ogorka w kostke||Wymieszaj jogurt z koperkiem i cytryna||Dopraw sos sola i pieprzem||Polacz quinoa z kurczakiem||Dodaj sos i podaj,fit|szybkie
191,Tofu sezamowe z brokulem i ryzem basmati,obiad,2,Ugotuj ryz basmati wedlug instrukcji||Podsmaz czosnek i imbir na oleju 1 min||Dodaj tofu i smaz 6 min||Dodaj brokul i smaz 6 min||Wlej sos sojowy i wymieszaj||Posyp sezamem||Podaj z ryzem,wege|azjatyckie
192,Zupa kapusciana z pomidorami,obiad,4,Podsmaz cebule na oliwie 3 min||Dodaj czosnek i smaz 30 s||Dodaj marchew i kapuste i smaz 3 min||Wlej bulion i gotuj 18 min||Dodaj pomidory z puszki||Dodaj ziola prowansalskie||Dopraw sola i pieprzem||Podaj na cieplo,zupa|domowe
193,Tagliatelle z pieczarkami i parmezanem,obiad,3,Ugotuj tagliatelle al dente||Podsmaz cebule na oliwie 3 min||Dodaj pieczarki i smaz 7 min||Dodaj czosnek i smaz 30 s||Wlej smietanke i gotuj 3 min||Wymieszaj z makaronem||Posyp parmezanem i natka||Dopraw i podaj,makaron|szybkie
194,Dynia faszerowana quinoa i feta,obiad,4,Nagrzej piekarnik do 200C||Przekroj dynie i wydraz srodek||Ugotuj quinoa||Podsmaz cebule na oliwie 3 min||Dodaj szpinak i poddusz 2 min||Wymieszaj quinoa ze szpinakiem i feta||Naloz farsz do dyni||Piecz 35 min,pieczone|wege
195,Zapiekanka warzywna z baklazanem i mozzarella,obiad,4,Podsmaz cebule na oliwie 3 min||Dodaj czosnek i smaz 30 s||Dodaj pomidory z puszki i koncentrat||Gotuj 10 min az sos zgestnieje||Pokroj baklazan i cukinie w plastry||Uloz warstwy w naczyniu||Dodaj mozzarella||Zapiecz 30 min w 200C||Dopraw bazylia sola i pieprzem,pieczone|wege
196,Gulasz z kielbasa i fasolka szparagowa,obiad,4,Podsmaz cebule na oliwie 3 min||Dodaj kielbase i smaz 4 min||Dodaj czosnek i papryke slodka||Dodaj ziemniaki i fasolke szparagowa||Dodaj pomidory z puszki||Dusz 25 min do miekkosci||Dopraw sola i pieprzem||Podaj na cieplo,jednogarnkowe|domowe
197,Spaghetti z kurczakiem pesto i szpinakiem,obiad,2,Ugotuj spaghetti al dente||Podsmaz czosnek na oliwie 30 s||Dodaj kurczaka i smaz 6 min||Dodaj szpinak i poddusz 2 min||Dodaj pesto i wymieszaj||Dodaj makaron i wymieszaj||Posyp parmezanem i podaj,makaron|szybkie
198,Salatka quinoa z burakiem ciecierzyca i feta,obiad,2,Ugotuj quinoa i ostudz||Pokroj buraki w kostke||Dodaj rukole do miski||Dodaj buraki i ciecierzyce||Dodaj fete||Polej oliwa i cytryna||Dopraw i wymieszaj||Podaj,fit|salatka
199,Zupa kokosowa z dorszem i imbirem,obiad,4,Podsmaz cebule na oliwie 3 min||Dodaj czosnek i imbir i smaz 30 s||Dodaj marchew w plasterkach||Wlej bulion i gotuj 10 min||Dodaj mleko kokosowe||Dodaj dorsza i gotuj 8 min||Dopraw chili sola i pieprzem||Podaj na cieplo,zupa|fit
200,Kurczak z pieczarkami i groszkiem w sosie smietanowym z ryzem,obiad,3,Ugotuj ryz basmati wedlug instrukcji||Podsmaz cebule na oliwie 3 min||Dodaj kurczaka i smaz 6 min||Dodaj pieczarki i smaz 6 min||Dodaj groszek i czosnek||Wlej smietanke i gotuj 3 min||Dopraw sola i pieprzem||Posyp natka i podaj z ryzem,domowe|na_cieplo
201,Salatka z kurczakiem awokado i rukola,kolacja,2,Usmaz kurczaka na oliwie 6 min||Pokroj pomidora i ogorka w kostke||Wymieszaj rukole z warzywami||Dodaj pokrojone awokado||Dodaj kurczaka i pestki dyni||Polej oliwa i cytryna oraz dopraw,fit|szybkie
202,Tosty caprese z pesto,kolacja,1,Opiecz tosty||Posmaruj pesto||Uloz pomidora i mozzarella||Zapiecz 5 min w 200C||Dopraw i podaj,szybkie|na_cieplo
203,Krem pomidorowy z mascarpone i grzankami,kolacja,3,Podsmaz cebule na oliwie 3 min||Dodaj czosnek i smaz 30 s||Wlej bulion i passate i gotuj 10 min||Dodaj mascarpone i zblenduj||Dopraw i podgrzej 2 min||Zrob grzanki na masle i podaj,zupa|kremowe
204,Wrap z lososiem wedzonym i ogorkiem,kolacja,2,Posmaruj tortille serkiem||Uloz rukole lososia i ogorka||Skrop cytryna i posyp koperkiem||Dopraw sola i pieprzem||Zwin tortille i podaj,szybkie|wytrawne
205,Frittata z pieczarkami szpinakiem i serem,kolacja,2,Nagrzej piekarnik do 190C||Podsmaz cebule i pieczarki na oleju 6 min||Dodaj szpinak i poddusz 2 min||Wlej roztrzepane jajka z sola i pieprzem||Posyp serem i piecz 10 min||Pokroj i podaj,wysokobialkowe|na_cieplo
206,Bowl quinoa z hummusem i warzywami,kolacja,2,Ugotuj quinoa i ostudz||Pokroj ogorka i pomidora||Wymieszaj quinoa z warzywami rukola i oliwkami||Dodaj hummus porcjami||Skrop oliwa i cytryna||Dopraw i podaj,wege|fit
207,Makaron ryzowy z tofu i warzywami w sosie sojowym,kolacja,2,Ugotuj makaron ryzowy||Podsmaz cebule z imbirem i czosnkiem 2 min||Dodaj tofu i smaz 5 min||Dodaj warzywa i smaz 6 min||Wlej sos sojowy i wymieszaj||Polacz z makaronem i posyp sezamem,wege|azjatyckie
208,Salatka grecka z tunczykiem,kolacja,2,Pokroj warzywa||Wymieszaj rukole z warzywami||Dodaj tunczyka fete i oliwki||Wymieszaj oliwe z cytryna i oregano||Polej sosem i dopraw||Podaj od razu,salatka|szybkie
209,Zapiekane warzywa z mozzarella,kolacja,3,Nagrzej piekarnik do 200C||Pokroj warzywa w plastry||Uloz warzywa w naczyniu i skrop oliwa||Dodaj czosnek i posyp bazylia||Uloz mozzarella na wierzchu||Piecz 25 min i dopraw,pieczone|wege
210,Pasta tunczykowa na chlebie,kolacja,2,Odcedz tunczyka||Posiekaj ogorka kiszonego i cebule||Wymieszaj tunczyka z jogurtem i cytryna||Dopraw i dodaj natke||Posmaruj chleb pasta||Podaj,szybkie|wytrawne
211,Kuskus z feta i suszonymi pomidorami,kolacja,2,Zalej kuskus goraca woda i odstaw 5 min||Pokroj ogorka i suszone pomidory||Wymieszaj kuskus z warzywami i rukola||Dodaj fete i ziola||Skrop oliwa i cytryna||Dopraw i podaj,wege|szybkie
212,Kanapki z kozim serem i burakiem,kolacja,2,Pokroj buraki w plastry||Posmaruj chleb kozim serem||Uloz buraki na kanapkach||Posyp pestkami dyni||Skrop cytryna i dopraw||Podaj,szybkie|wytrawne
213,Salatka z ciecierzycy i papryki,kolacja,2,Odcedz ciecierzyce||Pokroj papryke ogorka i cebule||Wymieszaj z rukola||Dodaj oliwe cytryne i kmin||Dopraw i wymieszaj||Podaj,wege|fit
214,Salatka z lososiem pieczonym i brokulem,kolacja,2,Nagrzej piekarnik do 200C||Ugotuj brokul 4 min i odcedz||Upiecz lososia 12 min skropionego cytryna||Wymieszaj rukole z ogorkiem i brokulem||Dodaj lososia i posyp sezamem||Polej oliwa i dopraw,fit|pieczone
215,Tosty z awokado i jajkiem w koszulce,kolacja,1,Rozgniec awokado z cytryna sola i pieprzem||Zagotuj wode i dodaj ocet||Wbij jajka i gotuj 3 min||Opiecz tosty||Posmaruj tosty awokado i uloz jajka||Podaj od razu,szybkie|na_cieplo
216,Krem z dyni i imbiru na mleku kokosowym,kolacja,4,Podsmaz cebule na oliwie 3 min||Dodaj czosnek i imbir i smaz 30 s||Dodaj dynie i wlej bulion||Gotuj 20 min do miekkosci||Zblenduj i wlej mleko kokosowe||Dopraw i posyp pestkami dyni,zupa|fit
217,Zapiekane bataty z feta i szpinakiem,kolacja,2,Nagrzej piekarnik do 200C||Pokroj bataty w kostke i skrop oliwa||Piecz 20 min||Dodaj szpinak i fete i wymieszaj||Dopraw papryka slodka sola i pieprzem||Piecz jeszcze 8 min i podaj,pieczone|wege
218,Penne z pesto i warzywami,kolacja,2,Ugotuj penne al dente||Podsmaz cebule i czosnek na oliwie 3 min||Dodaj cukinie i smaz 6 min||Dodaj pomidory i pesto i wymieszaj||Polacz z makaronem||Posyp parmezanem i podaj,makaron|szybkie
219,Shakshuka z feta i szpinakiem,kolacja,2,Podsmaz cebule na oliwie 3 min||Dodaj czosnek kmin i papryke slodka||Wlej passate i gotuj 6 min||Dodaj szpinak i dopraw||Zrob zaglebienia i wbij jajka||Przykryj 6 min i posyp feta,na_cieplo|pikantne
220,Kapusta kiszona z kielbasa z patelni,kolacja,3,Podsmaz cebule na oliwie 3 min||Dodaj kielbase i smaz 5 min||Dodaj czosnek i papryke slodka||Dodaj kapuste kiszona i mieszaj||Smaz 12 min az odparuje||Dopraw pieprzem i podaj,domowe|na_cieplo
221,Salatka quinoa z burakiem i feta,kolacja,2,Ugotuj quinoa i ostudz||Pokroj buraki w kostke||Wymieszaj quinoa z rukola i burakami||Dodaj fete i pestki dyni||Skrop oliwa i cytryna||Dopraw i podaj,salatka|fit
222,Omlet z kozim serem i suszonymi pomidorami,kolacja,1,Pokroj suszone pomidory i cebule||Podsmaz cebule na oleju 2 min||Wlej roztrzepane jajka z sola i pieprzem||Dodaj kozi ser i suszone pomidory||Przykryj i smaz 2 min||Podaj z rukola,szybkie|wytrawne
223,Tofu sezamowe z brokulem i ryzem basmati,kolacja,2,Ugotuj ryz basmati||Podsmaz cebule z imbirem i czosnkiem 2 min||Dodaj tofu i smaz 5 min||Dodaj brokul i smaz 6 min||Wlej sos sojowy i dopraw||Posyp sezamem i podaj z ryzem,wege|azjatyckie
224,Zupa jarzynowa szybka,kolacja,4,Podsmaz cebule na oliwie 3 min||Dodaj czosnek i smaz 30 s||Dodaj ziemniaki i marchew i wlej bulion||Gotuj 12 min||Dodaj brokul i groszek i gotuj 6 min||Dopraw i posyp natka,zupa|domowe
225,Salatka z dorszem pieczonym i rukola,kolacja,2,Nagrzej piekarnik do 200C||Skrop dorsza oliwa i cytryna i dopraw||Piecz 15 min||Pokroj ogorka i pomidora||Wymieszaj z rukola||Dodaj dorsza na wierzch i podaj,fit|pieczone
226,Tagliatelle z pieczarkami i szpinakiem,kolacja,3,Ugotuj tagliatelle al dente||Podsmaz cebule i pieczarki na oliwie 7 min||Dodaj czosnek i szpinak i poddusz 2 min||Wlej smietanke i gotuj 3 min||Wymieszaj z makaronem||Posyp parmezanem i dopraw,makaron|na_cieplo
227,Kotleciki z indyka z salatka ogorkowa,kolacja,2,Zmiel indyka z cebula i jajkiem||Dodaj make sol i pieprz i wymieszaj||Uformuj kotleciki i smaz 3 min z kazdej strony||Pokroj ogorka||Wymieszaj jogurt z koperkiem i cytryna||Podaj kotleciki z salatka ogorkowa,domowe|szybkie
228,Krem z brokula z parmezanem,kolacja,4,Podsmaz cebule na oliwie 3 min||Dodaj czosnek i smaz 30 s||Dodaj brokul i wlej bulion||Gotuj 12 min||Zblenduj i wlej smietanke||Dodaj parmezan dopraw i podaj,zupa|kremowe
229,Salatka z fasoli czerwonej i kukurydzy,kolacja,3,Odcedz fasole i kukurydze||Pokroj papryke ogorka i cebule||Wymieszaj z rukola||Dodaj oliwe cytryne i chili||Dopraw sola i pieprzem||Podaj,salatka|wege
230,Spaghetti z sosem pomidorowym i oliwkami,kolacja,3,Ugotuj spaghetti al dente||Podsmaz cebule na oliwie 3 min||Dodaj czosnek i smaz 30 s||Dodaj pomidory i koncentrat i gotuj 10 min||Dodaj oliwki i oregano||Wymieszaj z makaronem posyp parmezanem i podaj,makaron|szybkie
231,Salatka z pstragiem wedzonym i burakiem,kolacja,2,Pokroj buraki i ogorka w kostke||Przeloz do miski i dodaj rukole||Dodaj pstraga porwanego na kawalki||Posyp pestkami dyni||Polej oliwa i sokiem z cytryny||Dopraw sola i pieprzem i wymieszaj,fit|szybkie
232,Wrap z kurczakiem i hummusem,kolacja,2,Usmaz kurczaka na oliwie 6 min||Pokroj pomidora i ogorka w kostke||Podgrzej tortille na suchej patelni||Posmaruj tortille hummusem||Dodaj rukole warzywa i kurczaka||Dopraw i zwin wrapy,szybkie|wytrawne
233,Krem z kalafiora z parmezanem,kolacja,4,Podsmaz cebule na oliwie 3 min||Dodaj czosnek i smaz 30 s||Dodaj kalafior i wlej bulion||Gotuj 15 min do miekkosci||Zblenduj na gladko||Dodaj smietanke i parmezan||Dopraw i podaj,zupa|kremowe
234,Makaron ryzowy z tunczykiem i warzywami,kolacja,2,Ugotuj makaron ryzowy wedlug instrukcji||Podsmaz cebule na oleju 2 min||Dodaj marchew papryke imbir i czosnek i smaz 5 min||Dodaj tunczyka i wymieszaj||Wlej sos sojowy i dopraw||Dodaj makaron i wymieszaj||Posyp sezamem i podaj,szybkie|azjatyckie
235,Omlet ze szpinakiem feta i oliwkami,kolacja,1,Podsmaz cebule na oleju 2 min||Dodaj szpinak i poddusz 2 min||Wlej roztrzepane jajka z sola i pieprzem||Dodaj fete i oliwki||Przykryj i smaz 3 min||Podaj na cieplo,wysokobialkowe|szybkie
236,Salatka quinoa z mango i kurczakiem,kolacja,2,Ugotuj quinoa i ostudz||Usmaz kurczaka na oliwie 6 min||Pokroj mango i ogorka||Wymieszaj quinoa z rukola i dodatkami||Dodaj kurczaka||Posyp pestkami dyni||Polej oliwa i cytryna i dopraw,fit|salatka
237,Tosty z ricotta i suszonymi pomidorami,kolacja,1,Opiecz chleb tostowy||Posmaruj ricotta||Pokroj suszone pomidory i uloz na tostach||Dodaj rukole||Skrop oliwa||Dopraw sola i pieprzem i podaj,szybkie|wytrawne
238,Baklazan caprese z pesto z piekarnika,kolacja,3,Nagrzej piekarnik do 200C||Podsmaz cebule na oliwie 3 min||Dodaj czosnek passate i bazylie i gotuj 8 min||Pokroj baklazan w plastry i uloz w naczyniu||Zalej sosem i dodaj mozzarella||Dodaj pesto na wierzch||Zapiecz 25 min i dopraw,pieczone|wege
239,Krem z dyni i marchewki na mleku kokosowym,kolacja,4,Podsmaz cebule na oliwie 3 min||Dodaj czosnek i imbir i smaz 30 s||Dodaj dynie i marchew||Wlej bulion i gotuj 20 min||Zblenduj na gladko||Wlej mleko kokosowe i podgrzej 2 min||Dopraw i podaj,zupa|fit
240,Bowl z bulgurem i ciecierzyca,kolacja,2,Zalej bulgur goraca woda i odstaw 10 min||Pokroj pomidora ogorka i papryke||Wymieszaj bulgur z warzywami i rukola||Dodaj ciecierzyce i fete||Dodaj ziola prowansalskie||Polej oliwa i cytryna||Dopraw i podaj,wege|szybkie
241,Jajka zapiekane w passacie z mozzarella,kolacja,2,Nagrzej piekarnik do 190C||Podsmaz cebule na oliwie 3 min||Dodaj czosnek i passate i gotuj 5 min||Przeloz sos do naczynka||Zrob zaglebienia i wbij jajka||Posyp mozzarella||Zapiecz 10 min i dopraw,na_cieplo|szybkie
242,Salatka z fasoli bialej i ogorka kiszonego,kolacja,2,Odcedz fasole biala||Pokroj ogorka kiszonego i cebule||Wymieszaj wszystko w misce||Dodaj koperek||Polej oliwa i sokiem z cytryny||Dopraw i podaj,wege|szybkie
243,Kurczak z brokulem i sezamem z ryzem basmati,kolacja,2,Ugotuj ryz basmati wedlug instrukcji||Podsmaz cebule na oleju 2 min||Dodaj kurczaka i smaz 6 min||Dodaj marchew brokul imbir i czosnek i smaz 6 min||Wlej sos sojowy i wymieszaj||Posyp sezamem||Podaj z ryzem,szybkie|azjatyckie
244,Kuskus z tunczykiem i oliwkami,kolacja,2,Zalej kuskus goraca woda i odstaw 5 min||Pokroj pomidora ogorka i cebule||Wymieszaj kuskus z warzywami||Dodaj tunczyka i oliwki||Polej oliwa i cytryna||Dodaj oregano||Dopraw i podaj,szybkie|salatka
245,Salatka z tofu sezamowym i rukola,kolacja,2,Podsmaz tofu na oleju 6 min||Dodaj sos sojowy i podgrzewaj 1 min||Pokroj pomidora i ogorka||Wymieszaj warzywa z rukola||Dodaj tofu||Posyp sezamem||Skrop cytryna i dopraw,wege|fit
246,Ziemniaki pieczone z feta szpinakiem i oliwkami,kolacja,3,Nagrzej piekarnik do 200C||Pokroj ziemniaki i wymieszaj z oliwa||Piecz 25 min do zrumienienia||Podsmaz cebule 2 min||Dodaj szpinak i poddusz 2 min||Wymieszaj wszystko z feta i oliwkami||Dopraw i podaj,pieczone|wytrawne
247,Tagliatelle z kurczakiem i pesto,kolacja,2,Ugotuj tagliatelle al dente||Podsmaz czosnek na oliwie 30 s||Dodaj kurczaka i smaz 6 min||Dodaj szpinak i poddusz 2 min||Dodaj pesto i wymieszaj||Polacz z makaronem||Posyp parmezanem i dopraw,makaron|szybkie
248,Krem z brokula i groszku,kolacja,4,Podsmaz cebule na oliwie 3 min||Dodaj czosnek i smaz 30 s||Dodaj brokul i groszek i wlej bulion||Gotuj 12 min||Zblenduj na gladko||Wlej smietanke i dopraw||Podaj na cieplo,zupa|fit
249,Salatka grecka z indykiem,kolacja,2,Usmaz indyka na oliwie 6 min||Pokroj pomidora i ogorka||Dodaj rukole oliwki i fete||Wymieszaj oliwe z cytryna i oregano||Polej sosem i dopraw||Dodaj indyka i podaj,fit|szybkie
250,Quesadilla ze szpinakiem i serem,kolacja,2,Podsmaz cebule na oleju 2 min||Dodaj szpinak i poddusz 2 min||Uloz ser i farsz na tortilli||Przykryj druga tortilla||Smaz 2 min z kazdej strony||Wymieszaj jogurt z czosnkiem||Podaj quesadille z sosem,szybkie|na_cieplo
251,Kalafior pieczony curry z sosem jogurtowym,kolacja,3,Nagrzej piekarnik do 210C||Podziel kalafior na rozyczki||Wymieszaj z oliwa kurkuma kminem i papryka||Piecz 22 min mieszajac w polowie||Wymieszaj jogurt z czosnkiem i cytryna||Dopraw sos||Podaj kalafior z sosem,wege|fit
252,Dorsz w sosie pomidorowym z oliwkami,kolacja,2,Podsmaz cebule na oliwie 3 min||Dodaj czosnek pomidory i koncentrat||Dodaj oregano i gotuj 8 min||Wloz dorsza do sosu||Dusz 10 min do miekkosci||Dodaj oliwki||Dopraw i podaj,na_cieplo|fit
253,Salatka z burakiem kozim serem i orzechami,kolacja,2,Pokroj buraki w kostke||Przeloz do miski i dodaj rukole||Dodaj kozi ser i orzechy||Polej oliwa i cytryna||Dopraw sola i pieprzem||Wymieszaj i podaj,fit|szybkie
254,Krem pomidorowy z bazylia i parmezanem,kolacja,4,Podsmaz cebule na oliwie 3 min||Dodaj czosnek i smaz 30 s||Wlej passate i bulion||Dodaj bazylie i gotuj 12 min||Dodaj smietanke i zblenduj||Dosyp parmezan i wymieszaj||Dopraw i podaj,zupa|kremowe
255,Tofu z ciecierzyca w sosie pomidorowym,kolacja,3,Podsmaz cebule na oliwie 3 min||Dodaj czosnek kmin i papryke slodka||Dodaj tofu i smaz 5 min||Wlej passate||Dodaj ciecierzyce||Dusz 12 min az zgestnieje||Dopraw chili sola i pieprzem,wege|jednogarnkowe
256,Placuszki brokulowe z sosem koperkowym,kolacja,2,Ugotuj brokul 4 min i rozgniec||Wymieszaj brokul z jajkami maka i parmezanem||Dodaj cebule i czosnek i dopraw||Rozgrzej olej i smaz placuszki 3 min z kazdej strony||Wymieszaj jogurt z koperkiem||Dopraw sos i podaj placuszki,domowe|szybkie
257,Baklazan faszerowany miesem i mozzarella,kolacja,3,Nagrzej piekarnik do 200C||Przekroj baklazan i wydraz srodek||Podsmaz cebule i czosnek na oliwie 3 min||Dodaj mieso i smaz 6 min||Dodaj pomidory i oregano i gotuj 10 min||Naloz farsz do baklazanow||Posyp mozzarella i piecz 20 min,na_cieplo|domowe
258,Salatka z kurczakiem i fasolka szparagowa,kolacja,2,Ugotuj fasolke szparagowa 6 min i ostudz||Usmaz kurczaka na oliwie 6 min||Pokroj pomidora i ogorka||Wymieszaj rukole z warzywami||Dodaj fasolke i kurczaka||Posyp pestkami dyni||Polej oliwa i cytryna i dopraw,fit|salatka
259,Penne z pesto i suszonymi pomidorami,kolacja,3,Ugotuj penne al dente||Podsmaz czosnek na oliwie 30 s||Dodaj suszone pomidory i szpinak i poddusz 2 min||Dodaj pesto i wymieszaj||Polacz z makaronem||Posyp parmezanem||Dopraw i podaj,makaron|szybkie
260,Kapusta kiszona z boczkiem i pieczarkami,kolacja,3,Podsmaz boczek na patelni 4 min||Dodaj cebule i smaz 3 min||Dodaj pieczarki i smaz 6 min||Dodaj czosnek i papryke slodka||Dodaj kapuste kiszona||Smaz 12 min az odparuje||Dopraw i podaj,domowe|na_cieplo
